<?xml version="1.0" encoding="UTF-8"?>
<!DOCTYPE suite SYSTEM "https://testng.org/testng-1.0.dtd">
<suite name="Suite" parallel="tests" thread-count="5">
   <groups>  
      <run>  
         <exclude name="SmokeTest"/>  
      </run>  
   </groups> 
   <test name="Demo Groups">
    <classes>
      <class name="APITest.AtomicSeleniumTest"/>
    </classes>
  </test> 
  <test name="Learning Excel">
    <classes>
      <class name="TestCases.LearningExcelTestData"/>
    </classes>
  </test> <!-- Test --> 
   <test name="Learning Json">
    <classes>
      <class name="TestCases.LearningJsonDay3"/>
    </classes>
  </test> <!-- Test --> 
   
</suite> <!-- Suite -->
